<?xml version="1.0" encoding="UTF-8" standalone="yes"?>
<addon id="repository.lombardo" name="Lombardo's Repository" version="0.1" provider-name="antoine-lombardo">
    <extension point="xbmc.addon.repository" name="Example Repository">
        <dir>
            <info compressed="false">https://raw.githubusercontent.com/antoine-lombardo/repository.lombardo/master/repo/zips/addons.xml</info>
            <checksum>https://raw.githubusercontent.com/antoine/repository.lombardo/master/repo/zips/addons.xml.md5</checksum>
            <datadir zip="true">https://raw.githubusercontent.com/antoine/repository.lombardo/master/repo/zips/</datadir>
        </dir>
    </extension>
    <extension point="xbmc.addon.metadata">
        <summary>Lombardo's Repository</summary>
        <description>A repository with all the addons I develop.</description>
        <disclaimer></disclaimer>
        <platform>all</platform>
        <assets>
            <icon>icon.png</icon>
            <fanart>fanart.jpg</fanart>
        </assets>
    </extension>
</addon>